Country,Price,Data,Validity
Africa,US $27.00,1 GB,30 Days
Africa,US $59.00,3 GB,30 Days
Asia,US $5.00,1 GB,7 Days
Asia,US $13.00,3 GB,30 Days
Asia,US $20.00,5 GB,30 Days
Asia,US $37.00,10 GB,30 Days
Asia,US $100.00,50 GB,90 Days
Asia,US $185.00,100 GB,180 Days
Europe,US $5.00,1 GB,7 Days
Europe,US $13.00,3 GB,30 Days
Europe,US $20.00,5 GB,30 Days
Europe,US $37.00,10 GB,30 Days
Europe,US $100.00,50 GB,90 Days
Europe,US $185.00,100 GB,180 Days
Caribbean Islands,US $15.00,1 GB,7 Days
Latin America,US $15.00,1 GB,7 Days
Latin America,US $28.00,2 GB,15 Days
Latin America,US $39.00,3 GB,30 Days
Latin America,US $60.00,5 GB,30 Days
Middle East,US $15.00,1 GB,7 Days
Middle East,US $28.00,2 GB,15 Days
Middle East,US $39.00,3 GB,30 Days
North America,US $6.50,1 GB,7 Days
North America,US $12.00,2 GB,15 Days
North America,US $17.00,3 GB,30 Days
North America,US $25.50,5 GB,30 Days
North America,US $46.00,10 GB,30 Days
Global,US $9.00,1 GB,7 Days
Global,US $17.00,2 GB,15 Days
Global,US $24.00,3 GB,30 Days
Global,US $35.00,5 GB,60 Days
Global,US $59.00,10 GB,180 Days
Global,US $69.00,20 GB,365 Days
Afghanistan,US $6.50,1 GB,7 Days
Afghanistan,US $12.00,2 GB,15 Days
Afghanistan,US $17.00,3 GB,30 Days
Afghanistan,US $25.50,5 GB,30 Days
Albania,US $4.50,1 GB,7 Days
Albania,US $8.00,2 GB,15 Days
Albania,US $11.00,3 GB,30 Days
Albania,US $15.50,5 GB,30 Days
Albania,US $26.00,10 GB,30 Days
Algeria,US $7.00,1 GB,7 Days
Algeria,US $13.00,2 GB,15 Days
Algeria,US $17.50,3 GB,30 Days
Algeria,US $27.00,5 GB,30 Days
Algeria,US $49.00,10 GB,30 Days
Andorra,US $4.50,1 GB,7 Days
Andorra,US $8.00,2 GB,15 Days
Andorra,US $10.50,3 GB,30 Days
Andorra,US $15.00,5 GB,30 Days
Andorra,US $25.00,10 GB,30 Days
Andorra,US $40.00,20 GB,30 Days
Anguilla,US $9.50,1 GB,7 Days
Antigua And Barbuda,US $9.50,1 GB,7 Days
Antilles,US $9.50,1 GB,7 Days
Argentina,US $6.00,1 GB,7 Days
Argentina,US $11.50,2 GB,15 Days
Argentina,US $15.50,3 GB,30 Days
Argentina,US $23.50,5 GB,30 Days
Argentina,US $42.00,10 GB,30 Days
Armenia,US $6.50,1 GB,7 Days
Armenia,US $12.50,2 GB,15 Days
Armenia,US $17.00,3 GB,30 Days
Armenia,US $26.00,5 GB,30 Days
Armenia,US $45.00,10 GB,30 Days
Aruba,US $9.50,1 GB,7 Days
Australia,US $4.50,1 GB,7 Days
Australia,US $8.00,2 GB,15 Days
Australia,US $9.00,3 GB,30 Days
Australia,US $12.50,5 GB,30 Days
Australia,US $20.00,10 GB,30 Days
Australia,US $40.00,20 GB,30 Days
Austria,US $4.50,1 GB,7 Days
Austria,US $5.00,2 GB,15 Days
Austria,US $6.50,3 GB,30 Days
Austria,US $8.00,5 GB,30 Days
Austria,US $11.00,10 GB,30 Days
Austria,US $12.00,20 GB,30 Days
Azerbaijan,US $7.00,1 GB,7 Days
Azerbaijan,US $12.50,2 GB,15 Days
Azerbaijan,US $17.50,3 GB,30 Days
Azerbaijan,US $26.50,5 GB,30 Days
Azerbaijan,US $48.00,10 GB,30 Days
Azores,US $5.00,1 GB,7 Days
Azores,US $9.00,2 GB,15 Days
Azores,US $11.50,3 GB,30 Days
Azores,US $17.00,5 GB,30 Days
Azores,US $29.00,10 GB,30 Days
Azores,US $48.00,20 GB,30 Days
Bahamas,US $9.50,1 GB,7 Days
Bahrain,US $5.00,1 GB,7 Days
Bahrain,US $9.00,2 GB,15 Days
Bahrain,US $12.50,3 GB,30 Days
Bahrain,US $18.00,5 GB,30 Days
Bangladesh,US $4.50,1 GB,7 Days
Bangladesh,US $7.00,2 GB,15 Days
Bangladesh,US $9.50,3 GB,30 Days
Bangladesh,US $13.00,5 GB,30 Days
Bangladesh,US $21.00,10 GB,30 Days
Bangladesh,US $32.00,20 GB,30 Days
Barbados,US $9.50,1 GB,7 Days
Belarus,US $8.00,1 GB,7 Days
Belarus,US $15.00,2 GB,15 Days
Belarus,US $21.50,3 GB,30 Days
Belarus,US $33.00,5 GB,30 Days
Belgium,US $4.50,1 GB,7 Days
Belgium,US $7.00,2 GB,15 Days
Belgium,US $9.00,3 GB,30 Days
Belgium,US $12.50,5 GB,30 Days
Belgium,US $20.00,10 GB,30 Days
Belgium,US $30.00,20 GB,30 Days
Belize,US $9.50,1 GB,7 Days
Benin,US $9.50,1 GB,7 Days
Benin,US $18.50,2 GB,15 Days
Benin,US $26.50,3 GB,30 Days
Bermuda,US $7.00,1 GB,7 Days
Bermuda,US $13.00,2 GB,15 Days
Bermuda,US $17.50,3 GB,30 Days
Bermuda,US $27.00,5 GB,30 Days
Bhutan,US $9.50,1 GB,7 Days
Bolivia,US $8.50,1 GB,7 Days
Bolivia,US $16.50,2 GB,15 Days
Bolivia,US $23.00,3 GB,30 Days
Bolivia,US $36.00,5 GB,30 Days
Bonaire,US $9.50,1 GB,7 Days
Bosnia and Herzegovina,US $4.50,1 GB,7 Days
Bosnia and Herzegovina,US $7.00,2 GB,15 Days
Bosnia and Herzegovina,US $9.50,3 GB,30 Days
Bosnia and Herzegovina,US $13.00,5 GB,30 Days
Bosnia and Herzegovina,US $21.00,10 GB,30 Days
Bosnia and Herzegovina,US $32.00,20 GB,30 Days
Botswana,US $8.00,1 GB,7 Days
Botswana,US $14.00,2 GB,15 Days
Botswana,US $20.00,3 GB,30 Days
Botswana,US $30.50,5 GB,30 Days
Brazil,US $6.00,1 GB,7 Days
Brazil,US $11.50,2 GB,15 Days
Brazil,US $15.50,3 GB,30 Days
Brazil,US $23.50,5 GB,30 Days
Brazil,US $42.00,10 GB,30 Days
British Virgin Islands,US $9.50,1 GB,7 Days
Brunei,US $9.00,1 GB,7 Days
Brunei,US $18.00,3 GB,30 Days
Brunei,US $27.00,5 GB,30 Days
Bulgaria,US $6.50,2.5 GB,30 Days
Bulgaria,US $7.50,5 GB,30 Days
Bulgaria,US $9.50,15 GB,30 Days
Bulgaria,US $16.00,30 GB,30 Days
Bulgaria,US $30.00,50 GB,30 Days
Burkina Faso,US $7.00,1 GB,7 Days
Burkina Faso,US $12.50,2 GB,15 Days
Burkina Faso,US $17.50,3 GB,30 Days
Burkina Faso,US $26.50,5 GB,30 Days
Burundi,US $5.00,1 GB,7 Days
Burundi,US $9.00,2 GB,15 Days
Burundi,US $12.50,3 GB,30 Days
Burundi,US $18.00,5 GB,30 Days
Burundi,US $31.00,10 GB,30 Days
Burundi,US $49.00,20 GB,30 Days
Cambodia,US $4.50,1 GB,7 Days
Cambodia,US $7.00,2 GB,15 Days
Cambodia,US $9.50,3 GB,30 Days
Cambodia,US $13.00,5 GB,30 Days
Cambodia,US $21.00,10 GB,30 Days
Cambodia,US $32.00,20 GB,30 Days
Cameroon,US $6.00,1 GB,7 Days
Cameroon,US $11.00,2 GB,15 Days
Cameroon,US $14.50,3 GB,30 Days
Cameroon,US $22.00,5 GB,30 Days
Cameroon,US $39.00,10 GB,30 Days
Canada,US $6.00,1 GB,7 Days
Canada,US $11.00,2 GB,15 Days
Canada,US $15.00,3 GB,30 Days
Canada,US $18.00,5 GB,30 Days
Canada,US $35.00,10 GB,30 Days
Canada,US $49.00,20 GB,30 Days
Canary Islands,US $4.50,1 GB,7 Days
Canary Islands,US $7.50,2 GB,15 Days
Canary Islands,US $10.00,3 GB,30 Days
Canary Islands,US $14.00,5 GB,30 Days
Canary Islands,US $23.00,10 GB,30 Days
Canary Islands,US $36.00,20 GB,30 Days
Cape Verde,US $9.50,1 GB,7 Days
Cayman Islands,US $9.50,1 GB,7 Days
Chad,US $7.00,1 GB,7 Days
Chad,US $13.50,2 GB,15 Days
Chad,US $18.50,3 GB,30 Days
Chad,US $28.50,5 GB,30 Days
Chile,US $11.00,7 GB,5 Days
China,US $5.00,1 GB,7 Days
China,US $8.50,2 GB,15 Days
China,US $11.50,3 GB,30 Days
China,US $16.50,5 GB,30 Days
China,US $28.00,10 GB,30 Days
China,US $49.00,20 GB,30 Days
Colombia,US $8.00,1 GB,7 Days
Colombia,US $15.00,2 GB,15 Days
Colombia,US $21.00,3 GB,30 Days
Colombia,US $32.50,5 GB,30 Days
Costa Rica,US $9.00,1 GB,7 Days
Costa Rica,US $17.00,2 GB,15 Days
Costa Rica,US $22.00,3 GB,30 Days
Costa Rica,US $31.00,5 GB,30 Days
Côte d'Ivoire,US $7.00,1 GB,7 Days
Côte d'Ivoire,US $13.00,2 GB,15 Days
Côte d'Ivoire,US $17.50,3 GB,30 Days
Côte d'Ivoire,US $27.00,5 GB,30 Days
Croatia,US $4.50,1 GB,7 Days
Croatia,US $7.00,2 GB,15 Days
Croatia,US $9.50,3 GB,30 Days
Croatia,US $13.00,5 GB,30 Days
Croatia,US $21.00,10 GB,30 Days
Croatia,US $32.00,20 GB,30 Days
Cuba,US $9.50,1 GB,7 Days
Curaçao,US $9.50,1 GB,7 Days
Cyprus,US $4.50,1 GB,7 Days
Cyprus,US $7.00,2 GB,15 Days
Cyprus,US $9.00,3 GB,30 Days
Cyprus,US $12.00,5 GB,30 Days
Cyprus,US $19.00,10 GB,30 Days
Cyprus,US $28.00,20 GB,30 Days
Czech Republic,US $22.00,10 GB,30 Days
Democratic Republic Of The Congo,US $6.50,1 GB,7 Days
Democratic Republic Of The Congo,US $12.00,2 GB,15 Days
Democratic Republic Of The Congo,US $16.50,3 GB,30 Days
Democratic Republic Of The Congo,US $25.00,5 GB,30 Days
Democratic Republic Of The Congo,US $45.00,10 GB,30 Days
Denmark,US $4.50,1 GB,7 Days
Denmark,US $7.00,2 GB,15 Days
Denmark,US $9.50,3 GB,30 Days
Denmark,US $13.00,5 GB,30 Days
Denmark,US $21.00,10 GB,30 Days
Denmark,US $32.00,20 GB,30 Days
Dominica,US $9.50,1 GB,7 Days
Dominican Republic,US $9.50,1 GB,7 Days
Dominican Republic,US $18.00,2 GB,15 Days
Dominican Republic,US $25.00,3 GB,30 Days
Dominican Republic,US $39.50,5 GB,30 Days
Ecuador,US $8.00,1 GB,7 Days
Ecuador,US $15.00,2 GB,15 Days
Ecuador,US $21.00,3 GB,30 Days
Ecuador,US $32.50,5 GB,30 Days
Egypt,US $7.00,1 GB,7 Days
Egypt,US $12.50,2 GB,15 Days
Egypt,US $17.50,3 GB,30 Days
Egypt,US $26.50,5 GB,30 Days
Egypt,US $44.00,10 GB,30 Days
El Salvador,US $8.00,1 GB,7 Days
El Salvador,US $15.00,2 GB,15 Days
El Salvador,US $21.00,3 GB,30 Days
El Salvador,US $32.50,5 GB,30 Days
Estonia,US $4.50,1 GB,7 Days
Estonia,US $7.00,2 GB,15 Days
Estonia,US $9.50,3 GB,30 Days
Estonia,US $13.00,5 GB,30 Days
Estonia,US $21.00,10 GB,30 Days
Estonia,US $32.00,20 GB,30 Days
Eswatini,US $8.00,1 GB,7 Days
Eswatini,US $15.00,2 GB,15 Days
Eswatini,US $21.50,3 GB,30 Days
Eswatini,US $33.00,5 GB,30 Days
Faroe Islands,US $4.50,1 GB,7 Days
Faroe Islands,US $8.00,2 GB,15 Days
Faroe Islands,US $10.00,3 GB,30 Days
Faroe Islands,US $14.50,5 GB,30 Days
Faroe Islands,US $24.00,10 GB,30 Days
Faroe Islands,US $38.00,20 GB,30 Days
Fiji,US $7.50,1 GB,7 Days
Fiji,US $14.00,2 GB,15 Days
Fiji,US $19.50,3 GB,30 Days
Fiji,US $30.00,5 GB,30 Days
Finland,US $4.50,1 GB,7 Days
Finland,US $6.50,2 GB,15 Days
Finland,US $8.00,3 GB,30 Days
Finland,US $12.00,5 GB,30 Days
Finland,US $18.00,10 GB,30 Days
Finland,US $26.00,20 GB,30 Days
France,US $4.50,1 GB,7 Days
France,US $7.50,2 GB,15 Days
France,US $10.00,3 GB,30 Days
France,US $14.00,5 GB,30 Days
France,US $23.00,10 GB,30 Days
France,US $36.00,20 GB,30 Days
French Guiana,US $4.50,1 GB,7 Days
French Guiana,US $8.00,2 GB,15 Days
French Guiana,US $10.50,3 GB,30 Days
French Guiana,US $15.00,5 GB,30 Days
French Guiana,US $25.00,10 GB,30 Days
French Guiana,US $40.00,20 GB,30 Days
French Polynesia,US $6.50,1 GB,7 Days
French Polynesia,US $11.50,2 GB,15 Days
French Polynesia,US $16.00,3 GB,30 Days
French Polynesia,US $24.00,5 GB,30 Days
French Polynesia,US $43.00,10 GB,30 Days
Gabon,US $7.00,1 GB,7 Days
Gabon,US $13.50,2 GB,15 Days
Gabon,US $18.50,3 GB,30 Days
Gabon,US $28.50,5 GB,30 Days
Gambia,US $9.50,1 GB,7 Days
Gambia,US $18.00,2 GB,15 Days
Georgia,US $5.50,1 GB,7 Days
Georgia,US $10.00,2 GB,15 Days
Georgia,US $13.50,3 GB,30 Days
Georgia,US $20.00,5 GB,30 Days
Georgia,US $35.00,10 GB,30 Days
Germany,US $5.00,1 GB,7 Days
Germany,US $6.50,2 GB,15 Days
Germany,US $10.00,3 GB,30 Days
Germany,US $15.00,5 GB,30 Days
Germany,US $22.50,10 GB,30 Days
Germany,US $26.00,20 GB,30 Days
Ghana,US $5.00,1 GB,7 Days
Ghana,US $9.00,2 GB,15 Days
Ghana,US $11.50,3 GB,30 Days
Ghana,US $17.00,5 GB,30 Days
Ghana,US $29.00,10 GB,30 Days
Gibraltar,US $4.50,1 GB,7 Days
Gibraltar,US $8.50,2 GB,15 Days
Gibraltar,US $11.00,3 GB,30 Days
Gibraltar,US $16.00,5 GB,30 Days
Gibraltar,US $27.00,10 GB,30 Days
Greece,US $5.00,1 GB,7 Days
Greece,US $9.00,2 GB,15 Days
Greece,US $12.00,3 GB,30 Days
Greece,US $15.00,5 GB,30 Days
Greece,US $25.00,10 GB,30 Days
Greece,US $49.00,20 GB,30 Days
Greenland,US $9.00,1 GB,7 Days
Grenada,US $9.50,1 GB,7 Days
Guadeloupe,US $4.50,1 GB,7 Days
Guadeloupe,US $8.00,2 GB,15 Days
Guadeloupe,US $11.00,3 GB,30 Days
Guadeloupe,US $15.50,5 GB,30 Days
Guadeloupe,US $26.00,10 GB,30 Days
Guadeloupe,US $42.00,20 GB,30 Days
Guam,US $10.00,Unlimited,4 Days
Guam,US $20.00,Unlimited,8 Days
Guam,US $35.00,Unlimited,15 Days
Guam,US $49.00,Unlimited,30 Days
Guatemala,US $6.50,1 GB,7 Days
Guatemala,US $12.00,2 GB,15 Days
Guatemala,US $17.00,3 GB,30 Days
Guatemala,US $25.50,5 GB,30 Days
Guinea,US $9.00,1 GB,7 Days
Guinea,US $18.50,2 GB,15 Days
Guinea,US $26.50,3 GB,30 Days
Guinea-Bissau,US $8.00,1 GB,7 Days
Guinea-Bissau,US $18.00,2 GB,15 Days
Guyana,US $8.00,1 GB,7 Days
Guyana,US $15.00,2 GB,15 Days
Guyana,US $21.50,3 GB,30 Days
Guyana,US $33.00,5 GB,30 Days
Haiti,US $9.50,1 GB,7 Days
Honduras,US $7.00,1 GB,7 Days
Honduras,US $13.00,2 GB,15 Days
Honduras,US $18.00,3 GB,30 Days
Honduras,US $27.50,5 GB,30 Days
Hong Kong,US $4.50,1 GB,7 Days
Hong Kong,US $7.00,2 GB,15 Days
Hong Kong,US $8.50,3 GB,30 Days
Hong Kong,US $12.00,5 GB,30 Days
Hong Kong,US $19.00,10 GB,30 Days
Hungary,US $4.50,1 GB,7 Days
Hungary,US $7.50,2 GB,15 Days
Hungary,US $9.50,3 GB,30 Days
Hungary,US $13.50,5 GB,30 Days
Hungary,US $22.00,10 GB,30 Days
Hungary,US $36.00,20 GB,30 Days
Iceland,US $4.50,1 GB,7 Days
Iceland,US $7.50,2 GB,15 Days
Iceland,US $10.00,3 GB,30 Days
Iceland,US $14.00,5 GB,30 Days
Iceland,US $23.00,10 GB,30 Days
Iceland,US $36.00,20 GB,30 Days
India,US $4.50,1 GB,7 Days
India,US $8.00,2 GB,15 Days
India,US $10.50,3 GB,30 Days
India,US $15.00,5 GB,30 Days
India,US $25.00,10 GB,30 Days
India,US $40.00,20 GB,30 Days
Indonesia,US $5.50,1 GB,7 Days
Indonesia,US $8.00,2 GB,15 Days
Indonesia,US $11.00,3 GB,30 Days
Indonesia,US $16.50,5 GB,30 Days
Indonesia,US $24.75,10 GB,30 Days
Indonesia,US $40.00,20 GB,30 Days
Iran (Islamic Republic of),US $9.50,1 GB,7 Days
Iraq,US $5.00,1 GB,7 Days
Iraq,US $9.00,2 GB,15 Days
Iraq,US $12.00,3 GB,30 Days
Iraq,US $17.50,5 GB,30 Days
Iraq,US $30.00,10 GB,30 Days
Ireland,US $5.00,1 GB,7 Days
Ireland,US $7.00,2 GB,15 Days
Ireland,US $9.00,3 GB,30 Days
Ireland,US $13.00,5 GB,30 Days
Ireland,US $22.00,10 GB,30 Days
Ireland,US $32.00,20 GB,30 Days
Isle of Man,US $5.00,1 GB,7 Days
Isle of Man,US $9.00,2 GB,15 Days
Isle of Man,US $12.00,3 GB,30 Days
Isle of Man,US $17.00,5 GB,30 Days
Isle of Man,US $29.00,10 GB,30 Days
Israel,US $4.50,1 GB,7 Days
Israel,US $5.50,2 GB,15 Days
Israel,US $7.00,3 GB,30 Days
Israel,US $9.50,5 GB,30 Days
Israel,US $13.50,10 GB,30 Days
Israel,US $17.00,20 GB,30 Days
Italy,US $4.50,1 GB,7 Days
Italy,US $8.00,2 GB,15 Days
Italy,US $10.00,3 GB,30 Days
Italy,US $14.50,5 GB,30 Days
Italy,US $24.00,10 GB,30 Days
Italy,US $33.00,20 GB,30 Days
Jamaica,US $9.50,1 GB,7 Days
Japan,US $4.50,1 GB,7 Days
Japan,US $6.50,2 GB,15 Days
Japan,US $8.50,3 GB,30 Days
Japan,US $11.50,5 GB,30 Days
Japan,US $18.00,10 GB,30 Days
Japan,US $26.00,20 GB,30 Days
Jersey,US $4.50,1 GB,7 Days
Jersey,US $7.00,2 GB,15 Days
Jersey,US $9.50,3 GB,30 Days
Jersey,US $13.00,5 GB,30 Days
Jersey,US $21.00,10 GB,30 Days
Jersey,US $32.00,20 GB,30 Days
Jordan,US $5.00,1 GB,7 Days
Jordan,US $9.50,2 GB,15 Days
Jordan,US $12.50,3 GB,30 Days
Jordan,US $19.00,5 GB,30 Days
Jordan,US $32.50,10 GB,30 Days
Kazakhstan,US $4.50,1 GB,7 Days
Kazakhstan,US $7.00,2 GB,15 Days
Kazakhstan,US $9.50,3 GB,30 Days
Kazakhstan,US $13.00,5 GB,30 Days
Kazakhstan,US $21.00,10 GB,30 Days
Kazakhstan,US $32.00,20 GB,30 Days
Kenya,US $9.00,1 GB,7 Days
Kenya,US $16.50,2 GB,15 Days
Kenya,US $23.50,3 GB,30 Days
Kenya,US $36.50,5 GB,30 Days
Kosovo,US $6.50,1 GB,7 Days
Kosovo,US $11.50,2 GB,15 Days
Kosovo,US $16.00,3 GB,30 Days
Kosovo,US $24.00,5 GB,30 Days
Kuwait,US $4.50,1 GB,7 Days
Kuwait,US $8.00,2 GB,15 Days
Kuwait,US $10.50,3 GB,30 Days
Kuwait,US $15.00,5 GB,30 Days
Kuwait,US $25.00,10 GB,30 Days
Kuwait,US $40.00,20 GB,30 Days
Kyrgyzstan,US $8.00,1 GB,7 Days
Kyrgyzstan,US $21.00,3 GB,30 Days
Kyrgyzstan,US $24.00,5 GB,30 Days
Laos,US $9.50,1 GB,7 Days
Latvia,US $4.50,1 GB,7 Days
Latvia,US $7.00,2 GB,15 Days
Latvia,US $9.50,3 GB,30 Days
Latvia,US $13.00,5 GB,30 Days
Latvia,US $21.00,10 GB,30 Days
Latvia,US $32.00,20 GB,30 Days
Lebanon,US $9.50,1 GB,7 Days
Lesotho,US $9.50,1 GB,7 Days
Liberia,US $6.50,1 GB,7 Days
Liberia,US $12.00,2 GB,15 Days
Liberia,US $16.50,3 GB,30 Days
Libya,US $5.00,1 GB,7 Days
Libya,US $9.00,2 GB,15 Days
Libya,US $12.50,3 GB,30 Days
Libya,US $18.00,5 GB,30 Days
Libya,US $31.00,10 GB,30 Days
Libya,US $49.00,20 GB,30 Days
Liechtenstein,US $4.50,1 GB,7 Days
Liechtenstein,US $7.00,2 GB,15 Days
Liechtenstein,US $9.50,3 GB,30 Days
Liechtenstein,US $13.00,5 GB,30 Days
Liechtenstein,US $21.00,10 GB,30 Days
Liechtenstein,US $32.00,20 GB,30 Days
Lithuania,US $4.50,1 GB,7 Days
Lithuania,US $7.50,2 GB,15 Days
Lithuania,US $9.50,3 GB,30 Days
Lithuania,US $13.50,5 GB,30 Days
Lithuania,US $22.00,10 GB,30 Days
Lithuania,US $34.00,20 GB,30 Days
Luxembourg,US $4.50,1 GB,7 Days
Luxembourg,US $7.50,2 GB,15 Days
Luxembourg,US $9.50,3 GB,30 Days
Luxembourg,US $13.50,5 GB,30 Days
Luxembourg,US $22.00,10 GB,30 Days
Luxembourg,US $34.00,20 GB,30 Days
Macao,US $4.50,1 GB,7 Days
Macao,US $6.50,2 GB,15 Days
Macao,US $8.50,3 GB,30 Days
Macao,US $11.50,5 GB,30 Days
Macao,US $18.00,10 GB,30 Days
Macao,US $26.00,20 GB,30 Days
Madagascar,US $8.00,1 GB,7 Days
Madagascar,US $14.50,2 GB,15 Days
Madagascar,US $20.50,3 GB,30 Days
Madagascar,US $31.50,5 GB,30 Days
Madeira,US $5.00,1 GB,7 Days
Madeira,US $9.00,2 GB,15 Days
Madeira,US $11.50,3 GB,30 Days
Madeira,US $17.00,5 GB,30 Days
Madeira,US $29.00,10 GB,30 Days
Madeira,US $48.00,20 GB,30 Days
Malawi,US $9.00,1 GB,7 Days
Malawi,US $17.00,2 GB,15 Days
Malawi,US $24.00,3 GB,30 Days
Malawi,US $37.50,5 GB,30 Days
Malaysia,US $4.50,1 GB,7 Days
Malaysia,US $8.00,2 GB,15 Days
Malaysia,US $10.50,3 GB,30 Days
Malaysia,US $15.00,5 GB,30 Days
Malaysia,US $25.00,10 GB,30 Days
Malaysia,US $40.00,20 GB,30 Days
Maldives,US $40.00,20 GB,30 Days
Maldives,US $50.00,30 GB,30 Days
Mali,US $7.50,1 GB,7 Days
Mali,US $14.00,2 GB,15 Days
Mali,US $20.00,3 GB,30 Days
Mali,US $30.50,5 GB,30 Days
Malta,US $5.00,1 GB,7 Days
Malta,US $7.00,2 GB,15 Days
Malta,US $10.00,3 GB,30 Days
Malta,US $15.00,5 GB,30 Days
Malta,US $22.50,10 GB,30 Days
Malta,US $32.00,20 GB,30 Days
Marie-Galante,US $4.50,1 GB,7 Days
Marie-Galante,US $8.00,2 GB,15 Days
Marie-Galante,US $11.00,3 GB,30 Days
Marie-Galante,US $15.50,5 GB,30 Days
Marie-Galante,US $26.00,10 GB,30 Days
Marie-Galante,US $42.00,20 GB,30 Days
Martinique,US $4.50,1 GB,7 Days
Martinique,US $8.00,2 GB,15 Days
Martinique,US $11.00,3 GB,30 Days
Martinique,US $15.50,5 GB,30 Days
Martinique,US $26.00,10 GB,30 Days
Martinique,US $42.00,20 GB,30 Days
Mauritius,US $7.50,1 GB,7 Days
Mauritius,US $14.00,2 GB,15 Days
Mauritius,US $19.50,3 GB,30 Days
Mauritius,US $30.00,5 GB,30 Days
Mayotte,US $4.50,1 GB,7 Days
Mayotte,US $7.50,2 GB,15 Days
Mayotte,US $10.00,3 GB,30 Days
Mayotte,US $14.00,5 GB,30 Days
Mayotte,US $23.00,10 GB,30 Days
Mayotte,US $36.00,20 GB,30 Days
Mexico,US $6.00,1 GB,7 Days
Mexico,US $11.50,2 GB,15 Days
Mexico,US $15.50,3 GB,30 Days
Mexico,US $23.50,5 GB,30 Days
Mexico,US $42.00,10 GB,30 Days
Moldova,US $4.50,1 GB,7 Days
Moldova,US $6.50,2 GB,15 Days
Moldova,US $8.50,3 GB,30 Days
Moldova,US $11.50,5 GB,30 Days
Moldova,US $18.00,10 GB,30 Days
Moldova,US $26.00,20 GB,30 Days
Monaco,US $9.50,1 GB,7 Days
Monaco,US $18.50,2 GB,15 Days
Monaco,US $26.50,3 GB,30 Days
Mongolia,US $6.50,1 GB,7 Days
Mongolia,US $11.50,2 GB,15 Days
Mongolia,US $16.00,3 GB,30 Days
Mongolia,US $24.00,5 GB,30 Days
Mongolia,US $43.00,10 GB,30 Days
Montenegro,US $4.50,1 GB,7 Days
Montenegro,US $8.00,2 GB,15 Days
Montenegro,US $10.50,3 GB,30 Days
Montenegro,US $15.00,5 GB,30 Days
Montenegro,US $25.00,10 GB,30 Days
Montenegro,US $40.00,20 GB,30 Days
Montserrat,US $9.00,1 GB,7 Days
Morocco,US $8.00,1 GB,7 Days
Morocco,US $14.50,2 GB,15 Days
Morocco,US $20.50,3 GB,30 Days
Morocco,US $31.50,5 GB,30 Days
Mozambique,US $8.00,1 GB,7 Days
Mozambique,US $16.00,3 GB,30 Days
Mozambique,US $24.00,5 GB,30 Days
Nauru,US $9.00,1 GB,7 Days
Nepal,US $9.50,1 GB,7 Days
Netherlands,US $4.50,1 GB,7 Days
Netherlands,US $7.00,2 GB,15 Days
Netherlands,US $9.00,3 GB,30 Days
Netherlands,US $12.00,5 GB,30 Days
Netherlands,US $20.00,10 GB,30 Days
Netherlands,US $30.00,20 GB,30 Days
New Zealand,US $4.50,1 GB,7 Days
New Zealand,US $8.50,2 GB,15 Days
New Zealand,US $11.00,3 GB,30 Days
New Zealand,US $16.00,5 GB,30 Days
New Zealand,US $27.00,10 GB,30 Days
New Zealand,US $44.00,20 GB,30 Days
Nicaragua,US $8.50,1 GB,7 Days
Nicaragua,US $15.50,2 GB,15 Days
Nicaragua,US $22.00,3 GB,30 Days
Nicaragua,US $34.00,5 GB,30 Days
Niger,US $9.50,1 GB,7 Days
Nigeria,US $8.50,1 GB,7 Days
Nigeria,US $15.50,2 GB,15 Days
Nigeria,US $22.00,3 GB,30 Days
Nigeria,US $34.00,5 GB,30 Days
North Macedonia,US $4.50,1 GB,7 Days
North Macedonia,US $7.00,2 GB,15 Days
North Macedonia,US $9.50,3 GB,30 Days
North Macedonia,US $13.00,5 GB,30 Days
North Macedonia,US $21.00,10 GB,30 Days
North Macedonia,US $32.00,20 GB,30 Days
Northern Cyprus,US $4.50,1 GB,7 Days
Northern Cyprus,US $6.50,2 GB,15 Days
Northern Cyprus,US $8.00,3 GB,30 Days
Northern Cyprus,US $11.00,5 GB,30 Days
Northern Cyprus,US $17.00,10 GB,30 Days
Northern Cyprus,US $24.00,20 GB,30 Days
Norway,US $4.50,1 GB,7 Days
Norway,US $7.00,2 GB,15 Days
Norway,US $9.50,3 GB,30 Days
Norway,US $13.00,5 GB,30 Days
Norway,US $21.00,10 GB,30 Days
Norway,US $32.00,20 GB,30 Days
Oman,US $4.50,1 GB,7 Days
Oman,US $8.00,2 GB,15 Days
Oman,US $10.50,3 GB,30 Days
Oman,US $15.00,5 GB,30 Days
Oman,US $25.00,10 GB,30 Days
Oman,US $40.00,20 GB,30 Days
Pakistan,US $4.50,1 GB,7 Days
Pakistan,US $7.00,2 GB,15 Days
Pakistan,US $9.50,3 GB,30 Days
Pakistan,US $13.00,5 GB,30 Days
Pakistan,US $21.00,10 GB,30 Days
Pakistan,US $32.00,20 GB,30 Days
"Palestine, State of",US $7.50,1 GB,7 Days
"Palestine, State of",US $14.00,2 GB,15 Days
"Palestine, State of",US $19.50,3 GB,30 Days
"Palestine, State of",US $30.00,5 GB,30 Days
Panama,US $8.00,1 GB,7 Days
Panama,US $15.00,2 GB,15 Days
Panama,US $21.00,3 GB,30 Days
Panama,US $32.50,5 GB,30 Days
Papua New Guinea,US $8.00,1 GB,7 Days
Papua New Guinea,US $15.00,2 GB,15 Days
Papua New Guinea,US $19.50,3 GB,30 Days
Papua New Guinea,US $30.00,5 GB,30 Days
Paraguay,US $8.50,1 GB,7 Days
Paraguay,US $16.00,2 GB,15 Days
Paraguay,US $22.50,3 GB,30 Days
Paraguay,US $35.00,5 GB,30 Days
Peru,US $8.00,1 GB,7 Days
Peru,US $15.00,2 GB,30 Days
Peru,US $21.00,3 GB,30 Days
Peru,US $32.50,5 GB,30 Days
Philippines,US $4.50,1 GB,7 Days
Philippines,US $7.00,2 GB,15 Days
Philippines,US $9.50,3 GB,30 Days
Philippines,US $13.00,5 GB,30 Days
Philippines,US $21.00,10 GB,30 Days
Philippines,US $32.00,20 GB,30 Days
Poland,US $4.50,1 GB,7 Days
Poland,US $5.50,2 GB,15 Days
Poland,US $6.50,3 GB,30 Days
Poland,US $8.00,5 GB,30 Days
Poland,US $11.50,10 GB,30 Days
Poland,US $15.00,20 GB,30 Days
Portugal,US $19.00,30 GB,15 Days
Portugal,US $4.50,1 GB,7 Days
Portugal,US $7.00,2 GB,15 Days
Portugal,US $9.50,3 GB,30 Days
Portugal,US $10.00,5 GB,30 Days
Portugal,US $17.00,10 GB,30 Days
Portugal,US $32.00,20 GB,30 Days
Puerto Rico,US $4.50,1 GB,7 Days
Puerto Rico,US $8.00,2 GB,15 Days
Puerto Rico,US $11.00,3 GB,30 Days
Puerto Rico,US $16.00,5 GB,30 Days
Puerto Rico,US $25.00,10 GB,30 Days
Puerto Rico,US $40.00,20 GB,30 Days
Qatar,US $5.00,1 GB,7 Days
Qatar,US $9.00,2 GB,15 Days
Qatar,US $12.00,3 GB,30 Days
Qatar,US $17.50,5 GB,30 Days
Qatar,US $30.00,10 GB,30 Days
Qatar,US $49.00,20 GB,30 Days
Republic of the Congo,US $7.50,1 GB,7 Days
Republic of the Congo,US $13.50,2 GB,15 Days
Republic of the Congo,US $19.00,3 GB,30 Days
Republic of the Congo,US $29.00,5 GB,30 Days
Réunion,US $4.50,1 GB,7 Days
Réunion,US $7.50,2 GB,15 Days
Réunion,US $10.00,3 GB,30 Days
Réunion,US $14.00,5 GB,30 Days
Réunion,US $23.00,10 GB,30 Days
Réunion,US $36.00,20 GB,30 Days
Romania,US $4.50,1 GB,7 Days
Romania,US $7.00,2 GB,15 Days
Romania,US $9.50,3 GB,30 Days
Romania,US $13.00,5 GB,30 Days
Romania,US $21.00,10 GB,30 Days
Romania,US $32.00,20 GB,30 Days
Rwanda,US $8.00,1 GB,7 Days
Rwanda,US $15.00,2 GB,15 Days
Rwanda,US $21.50,3 GB,30 Days
Rwanda,US $33.00,5 GB,30 Days
Saint Barthélemy,US $9.50,1 GB,7 Days
Saint Barthélemy,US $17.50,2 GB,15 Days
Saint Barthélemy,US $25.00,3 GB,30 Days
Saint Barthélemy,US $39.00,5 GB,30 Days
Saint Kitts and Nevis,US $9.50,1 GB,7 Days
Saint Lucia,US $9.50,1 GB,7 Days
Saint Martin (French Part),US $9.50,1 GB,7 Days
Saint Martin (French Part),US $17.50,2 GB,15 Days
Saint Martin (French Part),US $25.00,3 GB,30 Days
Saint Martin (French Part),US $39.00,5 GB,30 Days
Saint Vincent and the Grenadines,US $9.50,1 GB,7 Days
Samoa,US $7.00,1 GB,7 Days
Samoa,US $13.00,2 GB,15 Days
Samoa,US $17.50,3 GB,30 Days
Samoa,US $27.00,5 GB,30 Days
Samoa,US $49.00,10 GB,30 Days
Saudi Arabia,US $5.00,1 GB,7 Days
Saudi Arabia,US $8.50,2 GB,15 Days
Saudi Arabia,US $11.00,3 GB,30 Days
Saudi Arabia,US $16.00,5 GB,30 Days
Saudi Arabia,US $27.00,10 GB,30 Days
Saudi Arabia,US $44.00,20 GB,30 Days
Saudi Arabia,US $49.00,25 GB,45 Days
Scotland,US $4.50,1 GB,7 Days
Scotland,US $6.50,2 GB,15 Days
Scotland,US $8.50,3 GB,30 Days
Scotland,US $11.50,5 GB,30 Days
Scotland,US $18.00,10 GB,30 Days
Scotland,US $26.00,20 GB,30 Days
Senegal,US $6.00,1 GB,7 Days
Senegal,US $11.00,2 GB,15 Days
Senegal,US $14.50,3 GB,30 Days
Senegal,US $22.00,5 GB,30 Days
Senegal,US $39.00,10 GB,30 Days
Serbia,US $4.50,1 GB,7 Days
Serbia,US $7.00,2 GB,15 Days
Serbia,US $9.50,3 GB,30 Days
Serbia,US $13.00,5 GB,30 Days
Serbia,US $21.00,10 GB,30 Days
Serbia,US $32.00,20 GB,30 Days
Seychelles,US $7.00,1 GB,7 Days
Seychelles,US $13.00,2 GB,15 Days
Seychelles,US $17.50,3 GB,30 Days
Seychelles,US $27.00,5 GB,30 Days
Seychelles,US $49.00,10 GB,30 Days
Sierra Leone,US $6.50,1 GB,7 Days
Sierra Leone,US $12.50,2 GB,15 Days
Sierra Leone,US $17.00,3 GB,30 Days
Sierra Leone,US $26.00,5 GB,30 Days
Singapore,US $4.50,1 GB,7 Days
Singapore,US $6.50,2 GB,15 Days
Singapore,US $8.50,3 GB,30 Days
Singapore,US $11.50,5 GB,30 Days
Singapore,US $18.00,10 GB,30 Days
Singapore,US $26.00,20 GB,30 Days
Sint Maarten (Dutch Part),US $9.50,1 GB,7 Days
Slovakia,US $4.50,1 GB,7 Days
Slovakia,US $9.00,3 GB,30 Days
Slovakia,US $13.00,5 GB,30 Days
Slovakia,US $22.00,10 GB,30 Days
Slovenia,US $5.00,1 GB,7 Days
Slovenia,US $8.50,2 GB,15 Days
Slovenia,US $10.00,3 GB,30 Days
Slovenia,US $15.00,5 GB,30 Days
Slovenia,US $22.50,10 GB,30 Days
Slovenia,US $46.00,20 GB,30 Days
South Africa,US $4.50,1 GB,7 Days
South Africa,US $8.00,2 GB,15 Days
South Africa,US $11.00,3 GB,30 Days
South Africa,US $15.50,5 GB,30 Days
South Africa,US $26.00,10 GB,30 Days
South Korea,US $32.00,Unlimited,10 Days
South Korea,US $62.00,Unlimited,30 Days
Spain,US $4.50,1 GB,7 Days
Spain,US $6.50,2 GB,15 Days
Spain,US $8.50,3 GB,30 Days
Spain,US $11.50,5 GB,30 Days
Spain,US $18.00,10 GB,30 Days
Spain,US $26.00,20 GB,30 Days
Sri Lanka,US $4.50,1 GB,7 Days
Sri Lanka,US $7.00,2 GB,15 Days
Sri Lanka,US $9.50,3 GB,30 Days
Sri Lanka,US $13.00,5 GB,30 Days
Sri Lanka,US $21.00,10 GB,30 Days
Sri Lanka,US $32.00,20 GB,30 Days
Suriname,US $9.50,1 GB,7 Days
Sweden,US $4.50,1 GB,7 Days
Sweden,US $6.50,2 GB,15 Days
Sweden,US $8.00,3 GB,30 Days
Sweden,US $12.00,5 GB,30 Days
Sweden,US $18.00,10 GB,30 Days
Sweden,US $32.00,20 GB,30 Days
Switzerland,US $4.50,1 GB,7 Days
Switzerland,US $8.00,2 GB,15 Days
Switzerland,US $10.00,3 GB,30 Days
Switzerland,US $14.50,5 GB,30 Days
Switzerland,US $24.00,10 GB,30 Days
Switzerland,US $38.00,20 GB,30 Days
Taiwan,US $4.50,1 GB,7 Days
Taiwan,US $7.00,2 GB,15 Days
Taiwan,US $9.50,3 GB,30 Days
Taiwan,US $13.00,5 GB,30 Days
Taiwan,US $21.00,10 GB,30 Days
Taiwan,US $32.00,20 GB,30 Days
Tajikistan,US $9.00,1 GB,7 Days
Tajikistan,US $17.00,2 GB,15 Days
Tajikistan,US $23.50,3 GB,30 Days
Tajikistan,US $37.00,5 GB,30 Days
Tanzania,US $4.50,1 GB,7 Days
Tanzania,US $8.00,2 GB,15 Days
Tanzania,US $11.00,3 GB,30 Days
Tanzania,US $15.50,5 GB,30 Days
Tanzania,US $26.00,10 GB,30 Days
Thailand,US $9.90,50 GB,10 Days
Thailand,US $19.95,Unlimited,15 Days
Timor - Leste,US $6.50,1 GB,7 Days
Togo,US $9.50,1 GB,7 Days
Tonga,US $5.50,1 GB,7 Days
Tonga,US $10.00,2 GB,15 Days
Tonga,US $13.00,3 GB,30 Days
Tonga,US $19.50,5 GB,30 Days
Tonga,US $34.00,10 GB,30 Days
Trinidad and Tobago,US $9.50,1 GB,7 Days
Trinidad and Tobago,US $18.00,2 GB,15 Days
Tunisia,US $4.50,1 GB,7 Days
Tunisia,US $7.50,2 GB,15 Days
Tunisia,US $10.00,3 GB,30 Days
Tunisia,US $14.00,5 GB,30 Days
Tunisia,US $23.00,10 GB,30 Days
Tunisia,US $36.00,20 GB,30 Days
Turkey,US $4.50,1 GB,7 Days
Turkey,US $6.50,2 GB,15 Days
Turkey,US $8.00,3 GB,30 Days
Turkey,US $12.00,5 GB,30 Days
Turkey,US $18.00,10 GB,30 Days
Turkey,US $26.00,20 GB,30 Days
Turks and Caicos Islands,US $9.50,1 GB,7 Days
Uganda,US $7.00,1 GB,7 Days
Uganda,US $13.00,2 GB,15 Days
Uganda,US $17.50,3 GB,30 Days
Uganda,US $27.00,5 GB,30 Days
Uganda,US $49.00,10 GB,30 Days
Ukraine,US $4.50,1 GB,7 Days
Ukraine,US $9.00,3 GB,30 Days
Ukraine,US $12.50,5 GB,30 Days
Ukraine,US $20.00,10 GB,30 Days
United Arab Emirates,US $4.50,1 GB,7 Days
United Arab Emirates,US $7.00,2 GB,15 Days
United Arab Emirates,US $9.50,3 GB,30 Days
United Arab Emirates,US $13.00,5 GB,30 Days
United Arab Emirates,US $21.00,10 GB,30 Days
United Arab Emirates,US $35.00,20 GB,30 Days
United Kingdom,US $5.00,1 GB,7 Days
United Kingdom,US $7.50,2 GB,15 Days
United Kingdom,US $10.00,3 GB,30 Days
United Kingdom,US $15.00,5 GB,30 Days
United Kingdom,US $22.50,10 GB,30 Days
United Kingdom,US $36.00,20 GB,30 Days
United States,US $4.50,1 GB,7 Days
United States,US $8.00,2 GB,15 Days
United States,US $11.00,3 GB,30 Days
United States,US $16.00,5 GB,30 Days
United States,US $26.00,10 GB,30 Days
United States,US $42.00,20 GB,30 Days
Uruguay,US $9.00,1 GB,7 Days
Uruguay,US $17.00,2 GB,15 Days
Uruguay,US $24.00,3 GB,30 Days
Uruguay,US $37.50,5 GB,30 Days
Uzbekistan,US $4.50,1 GB,7 Days
Uzbekistan,US $7.50,2 GB,15 Days
Uzbekistan,US $9.50,3 GB,30 Days
Uzbekistan,US $13.50,5 GB,30 Days
Uzbekistan,US $22.00,10 GB,30 Days
Uzbekistan,US $34.00,20 GB,30 Days
Vatican City,US $4.50,1 GB,7 Days
Vatican City,US $8.00,2 GB,15 Days
Vatican City,US $10.00,3 GB,30 Days
Vatican City,US $14.50,5 GB,30 Days
Vatican City,US $24.00,10 GB,30 Days
Vatican City,US $38.00,20 GB,30 Days
Venezuela,US $9.50,1 GB,7 Days
Venezuela,US $18.00,2 GB,15 Days
Venezuela,US $25.50,3 GB,30 Days
Venezuela,US $40.00,5 GB,30 Days
Vietnam,US $4.50,1 GB,7 Days
Vietnam,US $7.00,2 GB,15 Days
Vietnam,US $9.50,3 GB,30 Days
Vietnam,US $13.00,5 GB,30 Days
Vietnam,US $21.00,10 GB,30 Days
Vietnam,US $32.00,20 GB,30 Days
Zambia,US $9.50,1 GB,7 Days
Zimbabwe,US $9.50,1 GB,7 Days
